Year (year),State Name (state_name),State Code (state_code),District Name (district_name),District Code (district_code),Crop Name (crop_name),Crop Code (crop_code),Crop Type (crop_type),Season (season),Area (area),Area Unit (area_unit),Production (production),Production Unit (production_unit),Yield (yield),Yield Unit (yield_unit)
"2008-2009","Uttarakhand","5","Champawat","48","Other Oilseeds","1088.0","Oilseeds","Kharif","219.0","Hectare","115.0","Tonnes","0.525","Tonnes/Hectare"
"2018-2019","Uttar Pradesh","9","Chitrakoot","136","Onion","708.0","Vegetable","Total","162.0","Hectare","2419.0","Tonnes","14.932","Tonnes/Hectare"
"2015-2016","Chhattisgarh","22","Dhamtari","377","Turmeric","504.0","Spices","Whole Year","2.0","Hectare","4.0","Tonnes","2.0","Tonnes/Hectare"
"2021-2022","Uttar Pradesh","9","Mirzapur","170","Guar Seed","727.0","Vegetable","Kharif","20.0","Hectare","14.0","Tonnes","0.7","Tonnes/Hectare"
"2006-2007","Andhra Pradesh","28","East Godavari","505","Jowar","102.0","Cereals","Kharif","640.0","Hectare","476.0","Tonnes","0.744","Tonnes/Hectare"
"2021-2022","Assam","18","Kokrajhar","294","Wheat","106.0","Cereals","Rabi","287.0","Hectare","403.0","Tonnes","1.404","Tonnes/Hectare"
"2012-2013","Rajasthan","8","Dungarpur","99","Wheat","106.0","Cereals","Rabi","45749.0","Hectare","78533.0","Tonnes","1.717","Tonnes/Hectare"
"2022-2023","Chhattisgarh","22","Sarangarh-Bilaigarh","763","Garlic","508.0","Spices","Whole Year","2.0","Hectare","8.0","Tonnes","4.0","Tonnes/Hectare"
"2000-2001","Jammu And Kashmir","1","Rajouri","12","Garlic","508.0","Spices","Whole Year","21.0","Hectare","20.0","Tonnes","0.952","Tonnes/Hectare"
"2011-2012","Chhattisgarh","22","Janjgir-Champa","379","Wheat","106.0","Cereals","Rabi","2601.0","Hectare","4198.0","Tonnes","1.614","Tonnes/Hectare"
"2002-2003","Bihar","10","Katihar","201","Moong(Green Gram)","204.0","Pulses","Total","349.0","Hectare","261.0","Tonnes","0.748","Tonnes/Hectare"
"2008-2009","Karnataka","29","Bengaluru Rural","526","Potato","701.0","Vegetable","Rabi","902.0","Hectare","16522.0","Tonnes","18.317","Tonnes/Hectare"
"2010-2011","Tamil Nadu","33","Ramanathapuram","583","Sugarcane","401.0","Sugar","Whole Year","550.0","Hectare","59623.0","Tonnes","108.405","Tonnes/Hectare"
"2008-2009","West Bengal","19","Malda","316","Rice","101.0","Cereals","Autumn","5939.0","Hectare","10269.0","Tonnes","1.729","Tonnes/Hectare"
"2008-2009","Bihar","10","Katihar","201","Maize","104.0","Cereals","Autumn","11319.0","Hectare","18548.0","Tonnes","1.639","Tonnes/Hectare"
"2002-2003","Madhya Pradesh","23","Sidhi","433","Groundnut","1001.0","Oilseeds","Kharif","50.0","Hectare","34.0","Tonnes","0.68","Tonnes/Hectare"
"2019-2020","Chhattisgarh","22","Narayanpur","637","Arhar/Tur","202.0","Pulses","Kharif","39.0","Hectare","23.0","Tonnes","0.59","Tonnes/Hectare"
"2018-2019","Assam","18","Baksa","616","Dry Chillies","502.0","Spices","Whole Year","750.0","Hectare","596.0","Tonnes","0.795","Tonnes/Hectare"
"2016-2017","Rajasthan","8","Jhalawar","105","Barley","107.0","Cereals","Rabi","319.0","Hectare","1052.0","Tonnes","3.298","Tonnes/Hectare"
"2001-2002","Odisha","21","Nayagarh","367","Jowar","102.0","Cereals","Kharif","80.0","Hectare","70.0","Tonnes","0.875","Tonnes/Hectare"
"2001-2002","Rajasthan","8","Dungarpur","99","Dry Chillies","502.0","Spices","Whole Year","222.0","Hectare","20.0","Tonnes","0.09","Tonnes/Hectare"
"2014-2015","Uttar Pradesh","9","Sant Kabir Nagar","178","Linseed","1005.0","Oilseeds","Rabi","5.0","Hectare","3.0","Tonnes","0.6","Tonnes/Hectare"
"2012-2013","Gujarat","24","Tapi","641","Jowar","102.0","Cereals","Total","19700.0","Hectare","33100.0","Tonnes","1.68","Tonnes/Hectare"
"2012-2013","Assam","18","Nalbari","298","Jute","1102.0","Fiber Crops","Kharif","4660.0","Hectare","46494.0","Tonnes","9.977","Tonnes/Hectare"
"2002-2003","Gujarat","24","Dangs","444","Maize","104.0","Cereals","Kharif","400.0","Hectare","700.0","Tonnes","1.75","Tonnes/Hectare"
"1999-2000","Tamil Nadu","33","Kancheepuram","574","Turmeric","504.0","Spices","Whole Year","368.0","Hectare","1873.0","Tonnes","5.09","Tonnes/Hectare"
"2006-2007","Rajasthan","8","Barmer","90","Maize","104.0","Cereals","Kharif","17.0","Hectare","18.0","Tonnes","1.059","Tonnes/Hectare"
"2002-2003","Madhya Pradesh","23","Narsimhapur","418","Other Kharif Pulses","288.0","Pulses","Kharif","23218.0","Hectare","12374.0","Tonnes","0.533","Tonnes/Hectare"
"2009-2010","Tamil Nadu","33","Perambalur","581","Cashewnut","619.0","Fruits","Whole Year","2.0","Hectare","1.0","Tonnes","0.5","Tonnes/Hectare"
"2005-2006","Uttar Pradesh","9","Kushinagar","160","Sugarcane","401.0","Sugar","Kharif","70771.0","Hectare","3729349.0","Tonnes","52.696","Tonnes/Hectare"
"2015-2016","Uttar Pradesh","9","Sambhal","659","Peas & Beans (Pulses)","213.0","Pulses","Rabi","85.0","Hectare","75.0","Tonnes","0.882","Tonnes/Hectare"
"2017-2018","Madhya Pradesh","23","Barwani","393","Maize","104.0","Cereals","Kharif","61010.0","Hectare","259310.0","Tonnes","4.25","Tonnes/Hectare"
"2005-2006","Karnataka","29","Ballari","528","Jowar","102.0","Cereals","Total","79958.0","Hectare","129380.0","Tonnes","1.618","Tonnes/Hectare"
"2003-2004","Karnataka","29","Dharwad","536","Pome Fruit","688.0","Fruits","Whole Year","250.0","Hectare","1035.0","Tonnes","4.14","Tonnes/Hectare"
"2015-2016","Jammu And Kashmir","1","Jammu","5","Garlic","508.0","Spices","Rabi","50.0","Hectare","42.5","Tonnes","0.85","Tonnes/Hectare"
"2017-2018","Tamil Nadu","33","Viluppuram","596","Other Kharif Pulses","288.0","Pulses","Kharif","1560.0","Hectare","1030.0","Tonnes","0.66","Tonnes/Hectare"
"2012-2013","Odisha","21","Cuttack","350","Sesamum","1003.0","Oilseeds","Winter","25.0","Hectare","8.6","Tonnes","0.344","Tonnes/Hectare"
"2008-2009","Uttar Pradesh","9","Kanpur Nagar","157","Moong(Green Gram)","204.0","Pulses","Total","1189.0","Hectare","652.0","Tonnes","0.548","Tonnes/Hectare"
"2019-2020","Chhattisgarh","22","Raipur","387","Turmeric","504.0","Spices","Whole Year","14.0","Hectare","26.0","Tonnes","1.857","Tonnes/Hectare"
"2017-2018","Tamil Nadu","33","Krishnagiri","577","Jowar","102.0","Cereals","Rabi","232.0","Hectare","250.0","Tonnes","1.078","Tonnes/Hectare"
"2004-2005","Rajasthan","8","Ajmer","86","Wheat","106.0","Cereals","Rabi","25457.0","Hectare","52533.0","Tonnes","2.064","Tonnes/Hectare"
"2013-2014","Karnataka","29","Bengaluru Urban","525","Castor Seed","1002.0","Oilseeds","Kharif","57.0","Hectare","51.0","Tonnes","0.895","Tonnes/Hectare"
"2021-2022","Tamil Nadu","33","Tirunelveli","592","Urad","203.0","Pulses","Total","10012.0","Hectare","7244.0","Tonnes","0.724","Tonnes/Hectare"
"2022-2023","Karnataka","29","Chikkamagaluru","532","Onion","708.0","Vegetable","Rabi","56.0","Hectare","740.0","Tonnes","13.214","Tonnes/Hectare"
"2009-2010","Uttar Pradesh","9","Gorakhpur","148","Bajra","103.0","Cereals","Kharif","11.0","Hectare","19.0","Tonnes","1.727","Tonnes/Hectare"
"2017-2018","Punjab","3","Ferozepur","31","Wheat","106.0","Cereals","Rabi","187000.0","Hectare","977000.0","Tonnes","5.225","Tonnes/Hectare"
"2018-2019","Gujarat","24","Gir Somnath","675","Groundnut","1001.0","Oilseeds","Kharif","1182.0","Hectare","1617.0","Tonnes","1.368","Tonnes/Hectare"
"2009-2010","Gujarat","24","Panch Mahals","454","Cotton(Lint)","1101.0","Fiber Crops","Kharif","8700.0","Hectare","22600.0","Tonnes","2.598","Tonnes/Hectare"
"2006-2007","Andhra Pradesh","28","Sri Potti Sriramulu Nellore","515","Jowar","102.0","Cereals","Kharif","5.0","Hectare","4.0","Tonnes","0.8","Tonnes/Hectare"
"2013-2014","Tamil Nadu","33","Vellore","595","Tapioca","702.0","Vegetable","Whole Year","213.0","Hectare","6373.0","Tonnes","29.92","Tonnes/Hectare"
"2002-2003","Manipur","14","Chandel","253","Cauliflower","721.0","Vegetable","Whole Year","15.0","Hectare","96.0","Tonnes","6.4","Tonnes/Hectare"
"2011-2012","Tamil Nadu","33","Salem","584","Cotton(Lint)","1101.0","Fiber Crops","Total","16992.0","Hectare","48374.0","Tonnes","2.847","Tonnes/Hectare"
"2000-2001","Andhra Pradesh","28","Krishna","510","Moong(Green Gram)","204.0","Pulses","Rabi","2748.0","Hectare","1333.0","Tonnes","0.485","Tonnes/Hectare"
"2016-2017","Bihar","10","Muzaffarpur","208","Garlic","508.0","Spices","Whole Year","51.0","Hectare","77.0","Tonnes","1.51","Tonnes/Hectare"
"2022-2023","Gujarat","24","Porbandar","456","Soyabean","1009.0","Oilseeds","Kharif","300.0","Hectare","505.0","Tonnes","1.683","Tonnes/Hectare"
"2005-2006","Tamil Nadu","33","Perambalur","581","Groundnut","1001.0","Oilseeds","Kharif","27256.0","Hectare","42205.0","Tonnes","1.548","Tonnes/Hectare"
"2003-2004","Rajasthan","8","Nagaur","110","Sesamum","1003.0","Oilseeds","Kharif","16132.0","Hectare","6196.0","Tonnes","0.384","Tonnes/Hectare"
"2016-2017","Gujarat","24","Junagadh","448","Cotton(Lint)","1101.0","Fiber Crops","Kharif","49530.0","Hectare","151841.0","Tonnes","3.066","Tonnes/Hectare"
"2011-2012","Meghalaya","17","West Khasi Hills","279","Turmeric","504.0","Spices","Whole Year","81.0","Hectare","326.0","Tonnes","4.025","Tonnes/Hectare"
"2016-2017","Telangana","36","Nirmal","680","Tobacco","1302.0","Drugs And Narcotics","Rabi","23.0","Hectare","106.0","Tonnes","4.609","Tonnes/Hectare"
"2021-2022","Telangana","36","Khammam","509","Cowpea(Lobia)","288.0","Pulses","Kharif","7.0","Hectare","6.0","Tonnes","0.857","Tonnes/Hectare"
"2012-2013","Maharashtra","27","Nagpur","484","Rice","101.0","Cereals","Total","67100.0","Hectare","100400.0","Tonnes","1.496","Tonnes/Hectare"
"2010-2011","Karnataka","29","Uttara Kannada","550","Jowar","102.0","Cereals","Total","21.0","Hectare","31.0","Tonnes","1.476","Tonnes/Hectare"
"2007-2008","Jharkhand","20","Garhwa","328","Rice","101.0","Cereals","Winter","12270.47","Hectare","8000.667","Tonnes","0.652","Tonnes/Hectare"
"2005-2006","Tripura","16","South Tripura","271","Urad","203.0","Pulses","Rabi","164.0","Hectare","153.0","Tonnes","0.933","Tonnes/Hectare"
"2008-2009","Telangana","36","Khammam","509","Dry Chillies","502.0","Spices","Total","28669.0","Hectare","130611.0","Tonnes","4.556","Tonnes/Hectare"
"2009-2010","Uttar Pradesh","9","Chandauli","135","Masoor","205.0","Pulses","Rabi","9382.0","Hectare","8519.0","Tonnes","0.908","Tonnes/Hectare"
"1999-2000","Uttar Pradesh","9","Gonda","147","Urad","203.0","Pulses","Kharif","698.0","Hectare","261.0","Tonnes","0.374","Tonnes/Hectare"
"2003-2004","Haryana","6","Panchkula","70","Barley","107.0","Cereals","Rabi","32.0","Hectare","0.0","Tonnes","0.0","Tonnes/Hectare"
"2012-2013","Uttar Pradesh","9","Lalitpur","161","Dry Chillies","502.0","Spices","Kharif","9.0","Hectare","7.0","Tonnes","0.778","Tonnes/Hectare"
"1999-2000","Madhya Pradesh","23","Chhatarpur","398","Sannhamp","1104.0","Fiber Crops","Whole Year","743.0","Hectare","1294.0","Tonnes","1.742","Tonnes/Hectare"
"2021-2022","Maharashtra","27","Ahilyanagar","466","Other Rabi Pulses","288.0","Pulses","Rabi","289.0","Hectare","83.836","Tonnes","0.29","Tonnes/Hectare"
"1997-1998","Uttar Pradesh","9","Ambedkar Nagar","121","Bajra","103.0","Cereals","Kharif","142.0","Hectare","147.0","Tonnes","1.035","Tonnes/Hectare"
"2013-2014","Rajasthan","8","Ajmer","86","Coriander","509.0","Spices","Whole Year","145.0","Hectare","93.0","Tonnes","0.641","Tonnes/Hectare"
"2017-2018","Karnataka","29","Haveri","540","Soyabean","1009.0","Oilseeds","Kharif","6822.0","Hectare","6643.0","Tonnes","0.974","Tonnes/Hectare"
"2004-2005","Maharashtra","27","Nashik","487","Gram","201.0","Pulses","Rabi","39100.0","Hectare","24500.0","Tonnes","0.627","Tonnes/Hectare"
"2000-2001","Chhattisgarh","22","Dakshin Bastar Dantewada","376","Urad","203.0","Pulses","Kharif","1528.0","Hectare","567.0","Tonnes","0.371","Tonnes/Hectare"
"2000-2001","Chhattisgarh","22","Bastar","374","Rapeseed &Mustard","1004.0","Oilseeds","Rabi","4672.0","Hectare","1542.0","Tonnes","0.33","Tonnes/Hectare"
"2010-2011","Madhya Pradesh","23","Ratlam","423","Sesamum","1003.0","Oilseeds","Whole Year","382.0","Hectare","334.0","Tonnes","0.874","Tonnes/Hectare"
"2014-2015","Bihar","10","Madhepura","205","Moong(Green Gram)","204.0","Pulses","Summer","18064.0","Hectare","7388.0","Tonnes","0.409","Tonnes/Hectare"
"2021-2022","Chhattisgarh","22","Balod","646","Peas & Beans (Pulses)","213.0","Pulses","Rabi","1895.0","Hectare","631.0","Tonnes","0.333","Tonnes/Hectare"
"2016-2017","West Bengal","19","Purba Bardhaman","306","Coconut","1006.0","Oilseeds","Whole Year","2682.0","Hectare","30870300.0","Tonnes","11510.179","Tonnes/Hectare"
"2022-2023","Telangana","36","Bhadradri Kothagudem","690","Ginger","503.0","Spices","Kharif","1.0","Hectare","9.0","Tonnes","9.0","Tonnes/Hectare"
"2021-2022","Karnataka","29","Yadgir","635","Rice","101.0","Cereals","Summer","48951.0","Hectare","84989.0","Tonnes","1.736","Tonnes/Hectare"
"1999-2000","Meghalaya","17","West Khasi Hills","279","Tobacco","1302.0","Drugs And Narcotics","Whole Year","31.0","Hectare","28.0","Tonnes","0.903","Tonnes/Hectare"
"2000-2001","Assam","18","Nalbari","298","Potato","701.0","Vegetable","Whole Year","3900.0","Hectare","31567.0","Tonnes","8.094","Tonnes/Hectare"
"2015-2016","Andhra Pradesh","28","Prakasam","517","Onion","708.0","Vegetable","Rabi","37.0","Hectare","526.0","Tonnes","14.216","Tonnes/Hectare"
"2002-2003","Tamil Nadu","33","Thanjavur","586","Other Vegetables","788.0","Vegetable","Whole Year","85.0","Hectare","0.0","Tonnes","0.0","Tonnes/Hectare"
"2001-2002","Uttarakhand","5","Dehradun","49","Other Oilseeds","1088.0","Oilseeds","Rabi","80.0","Hectare","57.0","Tonnes","0.712","Tonnes/Hectare"
"2002-2003","Uttar Pradesh","9","Pilibhit","173","Maize","104.0","Cereals","Kharif","312.0","Hectare","332.0","Tonnes","1.064","Tonnes/Hectare"
"2022-2023","Telangana","36","Kumuram Bheem Asifabad","699","Maize","104.0","Cereals","Rabi","937.0","Hectare","4725.0","Tonnes","5.043","Tonnes/Hectare"
"2001-2002","Uttar Pradesh","9","Rae Bareli","175","Sunflower","1007.0","Oilseeds","Kharif","20.0","Hectare","39.0","Tonnes","1.95","Tonnes/Hectare"
"2012-2013","Assam","18","Karbi Anglong","292","Moong(Green Gram)","204.0","Pulses","Rabi","1064.0","Hectare","866.0","Tonnes","0.814","Tonnes/Hectare"
"2008-2009","Jammu And Kashmir","1","Doda","4","Rapeseed &Mustard","1004.0","Oilseeds","Rabi","1518.0","Hectare","928.8","Tonnes","0.612","Tonnes/Hectare"
"2004-2005","Madhya Pradesh","23","Damoh","400","Barley","107.0","Cereals","Rabi","77.0","Hectare","101.0","Tonnes","1.312","Tonnes/Hectare"
"2011-2012","Maharashtra","27","Beed","470","Rice","101.0","Cereals","Kharif","600.0","Hectare","300.0","Tonnes","0.5","Tonnes/Hectare"
"2000-2001","Bihar","10","Gopalganj","197","Rice","101.0","Cereals","Summer","33.0","Hectare","61.0","Tonnes","1.848","Tonnes/Hectare"
"2001-2002","Rajasthan","8","Kota","109","Barley","107.0","Cereals","Rabi","798.0","Hectare","2052.0","Tonnes","2.571","Tonnes/Hectare"
"2000-2001","Assam","18","Darrang","283","Sesamum","1003.0","Oilseeds","Kharif","1080.0","Hectare","667.0","Tonnes","0.618","Tonnes/Hectare"
"2017-2018","Tamil Nadu","33","Tiruvannamalai","593","Other Cereals","188.0","Cereals","Kharif","5.0","Hectare","3.0","Tonnes","0.6","Tonnes/Hectare"
"2002-2003","West Bengal","19","Uttar Dinajpur","311","Maize","104.0","Cereals","Kharif","181.0","Hectare","426.0","Tonnes","2.354","Tonnes/Hectare"
"2019-2020","Rajasthan","8","Sawai Madhopur","113","Urad","203.0","Pulses","Kharif","61611.0","Hectare","25839.0","Tonnes","0.419","Tonnes/Hectare"
"2006-2007","Kerala","32","Kozhikode","561","Arecanut","507.0","Spices","Whole Year","12340.0","Hectare","12020.0","Tonnes","0.974","Tonnes/Hectare"
"2003-2004","Rajasthan","8","Tonk","116","Other Kharif Pulses","288.0","Pulses","Kharif","85.0","Hectare","47.0","Tonnes","0.553","Tonnes/Hectare"
"2009-2010","Uttar Pradesh","9","Bara Banki","129","Jowar","102.0","Cereals","Kharif","2486.0","Hectare","2080.0","Tonnes","0.837","Tonnes/Hectare"
"2018-2019","Telangana","36","Jagitial","681","Rice","101.0","Cereals","Kharif","58567.0","Hectare","248968.0","Tonnes","4.251","Tonnes/Hectare"
"2003-2004","Maharashtra","27","Jalna","479","Linseed","1005.0","Oilseeds","Rabi","2200.0","Hectare","500.0","Tonnes","0.227","Tonnes/Hectare"
"2000-2001","Uttar Pradesh","9","Shahjahanpur","180","Soyabean","1009.0","Oilseeds","Kharif","8.0","Hectare","5.0","Tonnes","0.625","Tonnes/Hectare"
"2008-2009","Chhattisgarh","22","Janjgir-Champa","379","Coriander","509.0","Spices","Whole Year","16.0","Hectare","4.0","Tonnes","0.25","Tonnes/Hectare"
"2005-2006","Sikkim","11","Mangan","226","Urad","203.0","Pulses","Kharif","20.0","Hectare","10.0","Tonnes","0.5","Tonnes/Hectare"
"2008-2009","Andhra Pradesh","28","Chittoor","503","Maize","104.0","Cereals","Rabi","957.0","Hectare","8450.0","Tonnes","8.83","Tonnes/Hectare"
"2000-2001","Uttar Pradesh","9","Jalaun","151","Moth","209.0","Pulses","Kharif","7.0","Hectare","2.0","Tonnes","0.286","Tonnes/Hectare"
"2013-2014","Haryana","6","Faridabad","60","Rice","101.0","Cereals","Kharif","11000.0","Hectare","29000.0","Tonnes","2.636","Tonnes/Hectare"
"2001-2002","Tamil Nadu","33","Vellore","595","Jowar","102.0","Cereals","Kharif","10488.0","Hectare","15400.0","Tonnes","1.468","Tonnes/Hectare"
"2003-2004","Rajasthan","8","Kota","109","Sesamum","1003.0","Oilseeds","Kharif","3399.0","Hectare","1539.0","Tonnes","0.453","Tonnes/Hectare"
"2001-2002","West Bengal","19","Uttar Dinajpur","311","Linseed","1005.0","Oilseeds","Rabi","3397.0","Hectare","978.0","Tonnes","0.288","Tonnes/Hectare"
"2010-2011","Karnataka","29","Tumakuru","548","Horse-Gram","206.0","Pulses","Rabi","3446.0","Hectare","1961.0","Tonnes","0.569","Tonnes/Hectare"
"2000-2001","Andhra Pradesh","28","Chittoor","503","Maize","104.0","Cereals","Rabi","56.0","Hectare","302.0","Tonnes","5.393","Tonnes/Hectare"
"2010-2011","Manipur","14","Thoubal","259","Moong(Green Gram)","204.0","Pulses","Kharif","44.0","Hectare","44.7","Tonnes","1.016","Tonnes/Hectare"
"2010-2011","Odisha","21","Ganjam","354","Moong(Green Gram)","204.0","Pulses","Autumn","6.0","Hectare","0.9","Tonnes","0.15","Tonnes/Hectare"
"2003-2004","Bihar","10","Muzaffarpur","208","Sweet Potato","703.0","Vegetable","Whole Year","349.0","Hectare","4661.0","Tonnes","13.355","Tonnes/Hectare"
"2018-2019","Bihar","10","Khagaria","202","Arhar/Tur","202.0","Pulses","Kharif","186.0","Hectare","356.0","Tonnes","1.914","Tonnes/Hectare"
"1998-1999","Karnataka","29","Chamarajanagar","531","Moong(Green Gram)","204.0","Pulses","Kharif","423.0","Hectare","83.0","Tonnes","0.196","Tonnes/Hectare"
"2002-2003","West Bengal","19","Dakshin Dinajpur","310","Sesamum","1003.0","Oilseeds","Winter","55.0","Hectare","28.0","Tonnes","0.509","Tonnes/Hectare"
"2000-2001","Meghalaya","17","East Jaintia Hills","657","Rice","101.0","Cereals","Total","17045.0","Hectare","25742.0","Tonnes","1.51","Tonnes/Hectare"
"2013-2014","Gujarat","24","Surendranagar","460","Gram","201.0","Pulses","Rabi","26837.0","Hectare","32940.0","Tonnes","1.227","Tonnes/Hectare"
"2019-2020","Karnataka","29","Vijayapura","530","Ragi","105.0","Cereals","Total","199.0","Hectare","318.0","Tonnes","1.598","Tonnes/Hectare"
"2020-2021","Karnataka","29","Kolar","542","Moong(Green Gram)","204.0","Pulses","Total","38.0","Hectare","14.0","Tonnes","0.368","Tonnes/Hectare"
"2018-2019","Chhattisgarh","22","Jashpur","380","Masoor","205.0","Pulses","Rabi","357.0","Hectare","101.0","Tonnes","0.283","Tonnes/Hectare"
"1997-1998","Tamil Nadu","33","Sivaganga","585","Dry Chillies","502.0","Spices","Whole Year","3760.0","Hectare","1180.0","Tonnes","0.314","Tonnes/Hectare"
"2005-2006","Madhya Pradesh","23","Ratlam","423","Urad","203.0","Pulses","Rabi","1.0","Hectare","","Tonnes","0.0","Tonnes/Hectare"
"2022-2023","Karnataka","29","Chikkaballapura","630","Arcanut (Processed)","507.0","Spices","Whole Year","746.0","Hectare","1141.0","Tonnes","1.529","Tonnes/Hectare"
"2017-2018","Telangana","36","Vikarabad","698","Potato","701.0","Vegetable","Rabi","573.0","Hectare","7902.0","Tonnes","13.791","Tonnes/Hectare"
"2018-2019","Chhattisgarh","22","Jashpur","380","Rapeseed &Mustard","1004.0","Oilseeds","Rabi","3638.0","Hectare","1785.0","Tonnes","0.491","Tonnes/Hectare"
"2002-2003","Maharashtra","27","Sangli","493","Maize","104.0","Cereals","Total","17200.0","Hectare","25000.0","Tonnes","1.453","Tonnes/Hectare"
"2009-2010","Uttar Pradesh","9","Mahoba","165","Peas & Beans (Pulses)","213.0","Pulses","Rabi","24086.0","Hectare","20545.0","Tonnes","0.853","Tonnes/Hectare"
"2015-2016","West Bengal","19","Malda","316","Groundnut","1001.0","Oilseeds","Autumn","131.0","Hectare","84.0","Tonnes","0.641","Tonnes/Hectare"
"2009-2010","Telangana","36","Warangal","522","Arhar/Tur","202.0","Pulses","Kharif","23464.0","Hectare","9245.0","Tonnes","0.394","Tonnes/Hectare"
"2014-2015","Uttar Pradesh","9","Unnao","186","Groundnut","1001.0","Oilseeds","Kharif","1945.0","Hectare","1731.0","Tonnes","0.89","Tonnes/Hectare"
"2018-2019","Chhattisgarh","22","Bilaspur","375","Dry Chillies","502.0","Spices","Whole Year","507.0","Hectare","288.0","Tonnes","0.568","Tonnes/Hectare"
"2018-2019","Meghalaya","17","West Garo Hills","278","Ginger","503.0","Spices","Kharif","2408.0","Hectare","11335.0","Tonnes","4.707","Tonnes/Hectare"
"2014-2015","Karnataka","29","Ballari","528","Bajra","103.0","Cereals","Kharif","15570.0","Hectare","16700.0","Tonnes","1.073","Tonnes/Hectare"
"2003-2004","Assam","18","Lakhimpur","295","Castor Seed","1002.0","Oilseeds","Kharif","219.0","Hectare","99.0","Tonnes","0.452","Tonnes/Hectare"
"2021-2022","Uttar Pradesh","9","Ayodhya","140","Onion","708.0","Vegetable","Total","318.0","Hectare","5053.0","Tonnes","15.89","Tonnes/Hectare"
"2014-2015","Karnataka","29","Belagavi","527","Soyabean","1009.0","Oilseeds","Kharif","74314.0","Hectare","67986.0","Tonnes","0.915","Tonnes/Hectare"
"2012-2013","Assam","18","Dhemaji","284","Moong(Green Gram)","204.0","Pulses","Rabi","250.0","Hectare","158.0","Tonnes","0.632","Tonnes/Hectare"
"2016-2017","Telangana","36","Jayashankar Bhupalapally","687","Rice","101.0","Cereals","Total","87268.0","Hectare","301662.0","Tonnes","3.457","Tonnes/Hectare"
"2018-2019","Nagaland","13","Tuensang","249","Moong(Green Gram)","204.0","Pulses","Rabi","2480.0","Hectare","2450.0","Tonnes","0.988","Tonnes/Hectare"
"2010-2011","Chhattisgarh","22","Narayanpur","637","Jowar","102.0","Cereals","Kharif","5.0","Hectare","9.0","Tonnes","1.8","Tonnes/Hectare"
"1998-1999","Karnataka","29","Dakshina Kannada","534","Horse-Gram","206.0","Pulses","Total","326.0","Hectare","157.0","Tonnes","0.482","Tonnes/Hectare"
"1999-2000","Odisha","21","Ganjam","354","Ragi","105.0","Cereals","Kharif","43150.0","Hectare","35430.0","Tonnes","0.821","Tonnes/Hectare"
"2021-2022","Karnataka","29","Chamarajanagar","531","Potato","701.0","Vegetable","Kharif","1463.0","Hectare","13120.0","Tonnes","8.968","Tonnes/Hectare"
"2006-2007","Chhattisgarh","22","Korea","384","Coriander","509.0","Spices","Whole Year","46.0","Hectare","8.0","Tonnes","0.174","Tonnes/Hectare"
"2012-2013","Uttar Pradesh","9","Bulandshahr","134","Moong(Green Gram)","204.0","Pulses","Summer","912.0","Hectare","627.0","Tonnes","0.688","Tonnes/Hectare"
"2015-2016","Uttar Pradesh","9","Bhadohi","179","Rice","101.0","Cereals","Kharif","28180.0","Hectare","58502.0","Tonnes","2.076","Tonnes/Hectare"
"2007-2008","Karnataka","29","Belagavi","527","Groundnut","1001.0","Oilseeds","Rabi","9776.0","Hectare","9324.0","Tonnes","0.954","Tonnes/Hectare"
"2000-2001","Tamil Nadu","33","Vellore","595","Jowar","102.0","Cereals","Kharif","10344.0","Hectare","11294.0","Tonnes","1.092","Tonnes/Hectare"
"1999-2000","Bihar","10","Kaimur (Bhabua)","200","Maize","104.0","Cereals","Total","286.0","Hectare","638.0","Tonnes","2.231","Tonnes/Hectare"
"2002-2003","Chhattisgarh","22","Raipur","387","Papaya","615.0","Fruits","Whole Year","22.0","Hectare","784.0","Tonnes","35.636","Tonnes/Hectare"
"2011-2012","Rajasthan","8","Jaipur","102","Other Kharif Pulses","288.0","Pulses","Kharif","13435.0","Hectare","10049.0","Tonnes","0.748","Tonnes/Hectare"
"2018-2019","Mizoram","15","Lawngtlai","264","Maize","104.0","Cereals","Rabi","50.0","Hectare","149.0","Tonnes","2.98","Tonnes/Hectare"
"2009-2010","Uttarakhand","5","Almora","45","Potato","701.0","Vegetable","Rabi","487.0","Hectare","3825.0","Tonnes","7.854","Tonnes/Hectare"
"2007-2008","Assam","18","Goalpara","287","Gram","201.0","Pulses","Rabi","116.0","Hectare","51.0","Tonnes","0.44","Tonnes/Hectare"
"2004-2005","Bihar","10","Bhojpur","193","Linseed","1005.0","Oilseeds","Rabi","452.0","Hectare","428.0","Tonnes","0.947","Tonnes/Hectare"
"2016-2017","Tripura","16","North Tripura","270","Sesamum","1003.0","Oilseeds","Kharif","942.0","Hectare","499.0","Tonnes","0.53","Tonnes/Hectare"
"2001-2002","Bihar","10","Sitamarhi","221","Rice","101.0","Cereals","Kharif","1260.0","Hectare","2419.0","Tonnes","1.92","Tonnes/Hectare"
"2013-2014","Odisha","21","Balangir","345","Potato","701.0","Vegetable","Winter","2.0","Hectare","21.3","Tonnes","10.65","Tonnes/Hectare"
"2014-2015","Uttar Pradesh","9","Gautam Buddha Nagar","144","Onion","708.0","Vegetable","Summer","4.0","Hectare","61.0","Tonnes","15.25","Tonnes/Hectare"
"1999-2000","Tamil Nadu","33","Tiruchirappalli","591","Tapioca","702.0","Vegetable","Whole Year","4155.0","Hectare","176513.0","Tonnes","42.482","Tonnes/Hectare"
"1997-1998","Madhya Pradesh","23","Betul","394","Maize","104.0","Cereals","Kharif","18300.0","Hectare","22700.0","Tonnes","1.24","Tonnes/Hectare"
"2009-2010","Uttar Pradesh","9","Kanpur Dehat","156","Jowar","102.0","Cereals","Kharif","12247.0","Hectare","12913.0","Tonnes","1.054","Tonnes/Hectare"
"2019-2020","Tamil Nadu","33","Kancheepuram","574","Ragi","105.0","Cereals","Kharif","41.0","Hectare","125.0","Tonnes","3.049","Tonnes/Hectare"
"2015-2016","Rajasthan","8","Churu","96","Urad","203.0","Pulses","Kharif","1.0","Hectare","","Tonnes","0.0","Tonnes/Hectare"
"2010-2011","Bihar","10","Buxar","194","Sugarcane","401.0","Sugar","Whole Year","502.0","Hectare","12428.0","Tonnes","24.757","Tonnes/Hectare"
"2007-2008","Uttar Pradesh","9","Azamgarh","123","Sannhamp","1104.0","Fiber Crops","Kharif","37.0","Hectare","7.0","Tonnes","0.189","Tonnes/Hectare"
"2004-2005","Maharashtra","27","Ahilyanagar","466","Sunflower","1007.0","Oilseeds","Rabi","2600.0","Hectare","1500.0","Tonnes","0.577","Tonnes/Hectare"
"2005-2006","Gujarat","24","Ahmedabad","438","Sesamum","1003.0","Oilseeds","Kharif","10800.0","Hectare","2800.0","Tonnes","0.259","Tonnes/Hectare"
"2003-2004","Tamil Nadu","33","Nagapattinam","579","Snak Guard","733.0","Vegetable","Whole Year","4.0","Hectare","0.0","Tonnes","0.0","Tonnes/Hectare"
"2000-2001","Madhya Pradesh","23","Narmadapuram","409","Castor Seed","1002.0","Oilseeds","Kharif","9.0","Hectare","3.0","Tonnes","0.333","Tonnes/Hectare"
"1997-1998","Uttar Pradesh","9","Jhansi","153","Urad","203.0","Pulses","Total","51836.0","Hectare","20994.0","Tonnes","0.405","Tonnes/Hectare"
"2017-2018","Gujarat","24","Kheda","450","Moong(Green Gram)","204.0","Pulses","Summer","739.0","Hectare","443.0","Tonnes","0.599","Tonnes/Hectare"
"2016-2017","Uttar Pradesh","9","Jaunpur","152","Moong(Green Gram)","204.0","Pulses","Kharif","11.0","Hectare","4.0","Tonnes","0.364","Tonnes/Hectare"
"2004-2005","West Bengal","19","Purba Bardhaman","306","Gram","201.0","Pulses","Rabi","170.0","Hectare","90.0","Tonnes","0.529","Tonnes/Hectare"
"2004-2005","Tamil Nadu","33","Sivaganga","585","Small Millets","108.0","Cereals","Kharif","14.0","Hectare","8.0","Tonnes","0.571","Tonnes/Hectare"
"1999-2000","Madhya Pradesh","23","Ratlam","423","Bajra","103.0","Cereals","Kharif","8.0","Hectare","9.0","Tonnes","1.125","Tonnes/Hectare"
"2002-2003","Himachal Pradesh","2","Shimla","23","Urad","203.0","Pulses","Kharif","2083.0","Hectare","131.0","Tonnes","0.063","Tonnes/Hectare"
"2009-2010","Bihar","10","Darbhanga","195","Other Rabi Pulses","288.0","Pulses","Rabi","111.0","Hectare","83.0","Tonnes","0.748","Tonnes/Hectare"
"1997-1998","Tamil Nadu","33","Tiruchirappalli","591","Sesamum","1003.0","Oilseeds","Kharif","932.0","Hectare","670.0","Tonnes","0.719","Tonnes/Hectare"
"2011-2012","Punjab","3","Faridkot","29","Rice","101.0","Cereals","Kharif","101000.0","Hectare","405000.0","Tonnes","4.01","Tonnes/Hectare"
"2015-2016","Uttar Pradesh","9","Baghpat","124","Banana","606.0","Fruits","Summer","1.0","Hectare","45.0","Tonnes","45.0","Tonnes/Hectare"
"2009-2010","Gujarat","24","Tapi","641","Groundnut","1001.0","Oilseeds","Total","7600.0","Hectare","17100.0","Tonnes","2.25","Tonnes/Hectare"
"2005-2006","Tamil Nadu","33","Dindigul","572","Sunflower","1007.0","Oilseeds","Kharif","1662.0","Hectare","2609.0","Tonnes","1.57","Tonnes/Hectare"
"2018-2019","Assam","18","Kokrajhar","294","Cotton(Lint)","1101.0","Fiber Crops","Kharif","5.0","Hectare","3.0","Tonnes","0.6","Tonnes/Hectare"
"2011-2012","West Bengal","19","Purulia","321","Urad","203.0","Pulses","Kharif","9114.0","Hectare","2991.0","Tonnes","0.328","Tonnes/Hectare"
"2003-2004","Tamil Nadu","33","Sivaganga","585","Orange","602.0","Fruits","Whole Year","1.0","Hectare","2.0","Tonnes","2.0","Tonnes/Hectare"
"2007-2008","Assam","18","Nalbari","298","Sweet Potato","703.0","Vegetable","Whole Year","80.0","Hectare","450.0","Tonnes","5.625","Tonnes/Hectare"
"2017-2018","Uttar Pradesh","9","Sultanpur","185","Wheat","106.0","Cereals","Rabi","114555.0","Hectare","461653.0","Tonnes","4.03","Tonnes/Hectare"
"2007-2008","Odisha","21","Balangir","345","Rapeseed &Mustard","1004.0","Oilseeds","Winter","1886.0","Hectare","232.0","Tonnes","0.123","Tonnes/Hectare"
"1999-2000","West Bengal","19","Jalpaiguri","314","Linseed","1005.0","Oilseeds","Rabi","1059.0","Hectare","316.0","Tonnes","0.298","Tonnes/Hectare"
"2004-2005","Telangana","36","Warangal","522","Rice","101.0","Cereals","Kharif","108411.0","Hectare","291842.0","Tonnes","2.692","Tonnes/Hectare"
"2014-2015","Uttar Pradesh","9","Bulandshahr","134","Maize","104.0","Cereals","Kharif","37867.0","Hectare","89290.0","Tonnes","2.358","Tonnes/Hectare"
"1998-1999","Assam","18","Marigaon","296","Wheat","106.0","Cereals","Rabi","8500.0","Hectare","11254.0","Tonnes","1.324","Tonnes/Hectare"
"2021-2022","Meghalaya","17","East Garo Hills","273","Mesta","1103.0","Fiber Crops","Kharif","18.0","Hectare","123.0","Tonnes","6.833","Tonnes/Hectare"
"2011-2012","Maharashtra","27","Akola","467","Maize","104.0","Cereals","Kharif","1100.0","Hectare","3100.0","Tonnes","2.818","Tonnes/Hectare"
"2014-2015","Bihar","10","Khagaria","202","Sesamum","1003.0","Oilseeds","Kharif","13.0","Hectare","11.0","Tonnes","0.846","Tonnes/Hectare"
"2006-2007","West Bengal","19","Jalpaiguri","314","Ginger","503.0","Spices","Kharif","1307.0","Hectare","2997.0","Tonnes","2.293","Tonnes/Hectare"
"2012-2013","Madhya Pradesh","23","Ashoknagar","391","Wheat","106.0","Cereals","Rabi","125817.0","Hectare","325956.0","Tonnes","2.591","Tonnes/Hectare"
"2007-2008","Bihar","10","Vaishali","224","Rice","101.0","Cereals","Autumn","9340.0","Hectare","6566.0","Tonnes","0.703","Tonnes/Hectare"
"2008-2009","Madhya Pradesh","23","Dindori","404","Khesari","521.0","Spices","Rabi","108.0","Hectare","48.0","Tonnes","0.444","Tonnes/Hectare"
"2003-2004","Nagaland","13","Phek","248","Other Kharif Pulses","288.0","Pulses","Kharif","790.0","Hectare","1110.0","Tonnes","1.405","Tonnes/Hectare"
"2022-2023","Maharashtra","27","Ahilyanagar","466","Maize","104.0","Cereals","Summer","5791.47","Hectare","11032.75","Tonnes","1.905","Tonnes/Hectare"
"2002-2003","Chhattisgarh","22","Bilaspur","375","Khesari","521.0","Spices","Rabi","64033.0","Hectare","38655.0","Tonnes","0.604","Tonnes/Hectare"
"2000-2001","Andaman And Nicobar Islands","35","North And Middle Andaman","632","Arecanut","507.0","Spices","Kharif","3100.0","Hectare","5200.0","Tonnes","1.677","Tonnes/Hectare"
"1998-1999","Sikkim","11","Mangan","226","Rice","101.0","Cereals","Kharif","1404.0","Hectare","1917.0","Tonnes","1.365","Tonnes/Hectare"
"2012-2013","Chhattisgarh","22","Mungeli","647","Arhar/Tur","202.0","Pulses","Kharif","1745.0","Hectare","1150.0","Tonnes","0.659","Tonnes/Hectare"
"1999-2000","Uttar Pradesh","9","Pilibhit","173","Rice","101.0","Cereals","Kharif","149592.0","Hectare","397044.0","Tonnes","2.654","Tonnes/Hectare"
"2020-2021","Madhya Pradesh","23","Chhindwara","399","Maize","104.0","Cereals","Total","368360.0","Hectare","1419415.0","Tonnes","3.853","Tonnes/Hectare"
"2004-2005","Kerala","32","Idukki","556","Banana","606.0","Fruits","Whole Year","1748.0","Hectare","11458.0","Tonnes","6.555","Tonnes/Hectare"
"2020-2021","Gujarat","24","Amreli","439","Garlic","508.0","Spices","Whole Year","2353.0","Hectare","18874.0","Tonnes","8.021","Tonnes/Hectare"
"2022-2023","Chhattisgarh","22","Gaurela-Pendra-Marwahi","734","Soyabean","1009.0","Oilseeds","Kharif","6.0","Hectare","6.0","Tonnes","1.0","Tonnes/Hectare"
"2011-2012","Assam","18","Kokrajhar","294","Potato","701.0","Vegetable","Whole Year","4448.0","Hectare","36474.0","Tonnes","8.2","Tonnes/Hectare"
"1997-1998","Bihar","10","Madhubani","206","Mesta","1103.0","Fiber Crops","Kharif","179.0","Hectare","991.0","Tonnes","5.536","Tonnes/Hectare"
"2011-2012","Karnataka","29","Gadag","537","Cowpea(Lobia)","288.0","Pulses","Kharif","988.0","Hectare","174.0","Tonnes","0.176","Tonnes/Hectare"
"2008-2009","Uttar Pradesh","9","Rae Bareli","175","Maize","104.0","Cereals","Kharif","11.0","Hectare","13.0","Tonnes","1.182","Tonnes/Hectare"
"2021-2022","Bihar","10","Gaya","196","Onion","708.0","Vegetable","Rabi","591.0","Hectare","8931.0","Tonnes","15.112","Tonnes/Hectare"
"2007-2008","Maharashtra","27","Solapur","496","Sunflower","1007.0","Oilseeds","Rabi","15600.0","Hectare","9900.0","Tonnes","0.635","Tonnes/Hectare"
"2021-2022","Maharashtra","27","Beed","470","Sesamum","1003.0","Oilseeds","Total","2140.098","Hectare","406.581","Tonnes","0.19","Tonnes/Hectare"
"1998-1999","West Bengal","19","Cooch Behar","308","Urad","203.0","Pulses","Kharif","2079.0","Hectare","720.0","Tonnes","0.346","Tonnes/Hectare"
"2011-2012","Himachal Pradesh","2","Bilaspur","15","Wheat","106.0","Cereals","Rabi","24940.0","Hectare","38193.0","Tonnes","1.531","Tonnes/Hectare"
"2013-2014","West Bengal","19","Howrah","313","Wheat","106.0","Cereals","Rabi","82.0","Hectare","198.0","Tonnes","2.415","Tonnes/Hectare"
"2012-2013","Arunachal Pradesh","12","Lohit","234","Small Millets","108.0","Cereals","Kharif","95.0","Hectare","82.0","Tonnes","0.863","Tonnes/Hectare"
"2000-2001","Gujarat","24","Kheda","450","Bajra","103.0","Cereals","Total","111400.0","Hectare","159000.0","Tonnes","1.427","Tonnes/Hectare"
"2010-2011","Assam","18","Hailakandi","289","Cotton(Lint)","1101.0","Fiber Crops","Kharif","55.0","Hectare","20.0","Tonnes","0.364","Tonnes/Hectare"
"2017-2018","West Bengal","19","Dakshin Dinajpur","310","Peas & Beans (Pulses)","213.0","Pulses","Rabi","24.0","Hectare","31.0","Tonnes","1.292","Tonnes/Hectare"
"2019-2020","Himachal Pradesh","2","Mandi","22","Maize","104.0","Cereals","Kharif","50290.0","Hectare","128742.0","Tonnes","2.56","Tonnes/Hectare"
"2019-2020","Uttar Pradesh","9","Amethi","640","Moong(Green Gram)","204.0","Pulses","Summer","638.0","Hectare","235.0","Tonnes","0.368","Tonnes/Hectare"
"2002-2003","Kerala","32","Malappuram","562","Rice","101.0","Cereals","Winter","12260.0","Hectare","22569.0","Tonnes","1.841","Tonnes/Hectare"
"2004-2005","Bihar","10","Samastipur","217","Mesta","1103.0","Fiber Crops","Kharif","742.0","Hectare","5920.0","Tonnes","7.978","Tonnes/Hectare"
"2006-2007","Rajasthan","8","Baran","89","Turmeric","504.0","Spices","Whole Year","1.0","Hectare","1.0","Tonnes","1.0","Tonnes/Hectare"
"2004-2005","Karnataka","29","Chamarajanagar","531","Other Kharif Pulses","288.0","Pulses","Kharif","4793.0","Hectare","2156.85","Tonnes","0.45","Tonnes/Hectare"
"2008-2009","Madhya Pradesh","23","Gwalior","407","Jowar","102.0","Cereals","Kharif","5608.0","Hectare","11812.0","Tonnes","2.106","Tonnes/Hectare"
"2016-2017","Kerala","32","Kasaragod","558","Turmeric","504.0","Spices","Whole Year","29.0","Hectare","71.0","Tonnes","2.448","Tonnes/Hectare"
"2014-2015","Jharkhand","20","Pakur","337","Rice","101.0","Cereals","Total","32004.0","Hectare","50091.99","Tonnes","1.565","Tonnes/Hectare"
"2021-2022","Maharashtra","27","Dhule","474","Moong(Green Gram)","204.0","Pulses","Summer","105.0","Hectare","19.34","Tonnes","0.184","Tonnes/Hectare"
"2021-2022","Odisha","21","Kalahandi","358","Ragi","105.0","Cereals","Total","1490.0","Hectare","1067.6","Tonnes","0.717","Tonnes/Hectare"
"2014-2015","Gujarat","24","Kheda","450","Wheat","106.0","Cereals","Rabi","64677.0","Hectare","166336.0","Tonnes","2.572","Tonnes/Hectare"
"2000-2001","Bihar","10","Siwan","222","Maize","104.0","Cereals","Rabi","5041.0","Hectare","10324.0","Tonnes","2.048","Tonnes/Hectare"
"2012-2013","Tamil Nadu","33","Thiruvarur","590","Cotton(Lint)","1101.0","Fiber Crops","Kharif","1320.0","Hectare","2417.0","Tonnes","1.831","Tonnes/Hectare"
"2022-2023","Bihar","10","Purbi Champaran","213","Potato","701.0","Vegetable","Total","9350.0","Hectare","176367.0","Tonnes","18.863","Tonnes/Hectare"
"2020-2021","West Bengal","19","Purba Bardhaman","306","Sesamum","1003.0","Oilseeds","Summer","20937.0","Hectare","14927.0","Tonnes","0.713","Tonnes/Hectare"
"2017-2018","Bihar","10","Bhagalpur","192","Maize","104.0","Cereals","Total","38907.0","Hectare","179464.0","Tonnes","4.613","Tonnes/Hectare"
"2020-2021","Andhra Pradesh","28","Kurnool","511","Arhar/Tur","202.0","Pulses","Kharif","58476.0","Hectare","29413.0","Tonnes","0.503","Tonnes/Hectare"
"2003-2004","Uttarakhand","5","Nainital","51","Onion","708.0","Vegetable","Whole Year","143.0","Hectare","1748.0","Tonnes","12.224","Tonnes/Hectare"
"2012-2013","Himachal Pradesh","2","Kangra","18","Peas & Beans (Pulses)","213.0","Pulses","Total","177.0","Hectare","272.0","Tonnes","1.537","Tonnes/Hectare"
"2005-2006","Jharkhand","20","Hazaribagh","332","Potato","701.0","Vegetable","Total","6867.93","Hectare","46061.79","Tonnes","6.707","Tonnes/Hectare"
"2020-2021","Tamil Nadu","33","Virudhunagar","597","Banana","606.0","Fruits","Whole Year","1103.0","Hectare","44708.0","Tonnes","40.533","Tonnes/Hectare"
"2020-2021","Uttar Pradesh","9","Kheri","159","Urad","203.0","Pulses","Total","3268.0","Hectare","2289.0","Tonnes","0.7","Tonnes/Hectare"
"2015-2016","Odisha","21","Angul","344","Rice","101.0","Cereals","Total","79000.0","Hectare","63000.0","Tonnes","0.797","Tonnes/Hectare"
"2018-2019","Puducherry","34","Puducherry","600","Sesamum","1003.0","Oilseeds","Rabi","5.0","Hectare","4.0","Tonnes","0.8","Tonnes/Hectare"
"2011-2012","Jharkhand","20","Garhwa","328","Potato","701.0","Vegetable","Winter","1147.0","Hectare","6946.0","Tonnes","6.056","Tonnes/Hectare"
"2014-2015","Gujarat","24","Botad","676","Wheat","106.0","Cereals","Rabi","20993.0","Hectare","87921.0","Tonnes","4.188","Tonnes/Hectare"
"2002-2003","Maharashtra","27","Amravati","468","Bajra","103.0","Cereals","Kharif","800.0","Hectare","500.0","Tonnes","0.625","Tonnes/Hectare"
"2015-2016","Maharashtra","27","Latur","481","Other Oilseeds","1088.0","Oilseeds","Rabi","570.0","Hectare","40.0","Tonnes","0.07","Tonnes/Hectare"
"2011-2012","Karnataka","29","Chikkaballapura","630","Potato","701.0","Vegetable","Rabi","2150.0","Hectare","19679.0","Tonnes","9.153","Tonnes/Hectare"
"1999-2000","Andhra Pradesh","28","Ananthapuramu","502","Sugarcane","401.0","Sugar","Whole Year","884.0","Hectare","83126.0","Tonnes","94.034","Tonnes/Hectare"
"2004-2005","Odisha","21","Jajpur","356","Moong(Green Gram)","204.0","Pulses","Summer","11286.0","Hectare","2844.1","Tonnes","0.252","Tonnes/Hectare"
"2005-2006","Rajasthan","8","Jodhpur","107","Maize","104.0","Cereals","Kharif","6.0","Hectare","6.0","Tonnes","1.0","Tonnes/Hectare"
"2013-2014","Nagaland","13","Phek","248","Sweet Potato","703.0","Vegetable","Kharif","160.0","Hectare","1350.0","Tonnes","8.438","Tonnes/Hectare"
"2010-2011","Uttar Pradesh","9","Jalaun","151","Urad","203.0","Pulses","Kharif","7000.0","Hectare","3661.0","Tonnes","0.523","Tonnes/Hectare"
"2017-2018","Madhya Pradesh","23","Guna","406","Garlic","508.0","Spices","Whole Year","1268.0","Hectare","15850.0","Tonnes","12.5","Tonnes/Hectare"
"2013-2014","Tamil Nadu","33","Salem","584","Coriander","509.0","Spices","Whole Year","40.0","Hectare","14.0","Tonnes","0.35","Tonnes/Hectare"
"2002-2003","Jammu And Kashmir","1","Rajouri","12","Potato","701.0","Vegetable","Whole Year","9.0","Hectare","48.0","Tonnes","5.333","Tonnes/Hectare"
"2007-2008","Uttar Pradesh","9","Amroha","154","Maize","104.0","Cereals","Total","1699.0","Hectare","2286.0","Tonnes","1.345","Tonnes/Hectare"
"2019-2020","West Bengal","19","Hooghly","312","Maize","104.0","Cereals","Total","349.0","Hectare","815.0","Tonnes","2.335","Tonnes/Hectare"
"2014-2015","Jharkhand","20","West Singhbhum","343","Arhar/Tur","202.0","Pulses","Rabi","499.0","Hectare","834.0","Tonnes","1.671","Tonnes/Hectare"
"2007-2008","Haryana","6","Jhajjar","64","Rice","101.0","Cereals","Kharif","18778.0","Hectare","43000.0","Tonnes","2.29","Tonnes/Hectare"
"2006-2007","Uttarakhand","5","Bageshwar","46","Garlic","508.0","Spices","Whole Year","37.0","Hectare","52.0","Tonnes","1.405","Tonnes/Hectare"
"2012-2013","Uttar Pradesh","9","Chitrakoot","136","Urad","203.0","Pulses","Kharif","1438.0","Hectare","774.0","Tonnes","0.538","Tonnes/Hectare"
"2003-2004","Haryana","6","Sonipat","75","Wheat","106.0","Cereals","Rabi","132721.0","Hectare","504000.0","Tonnes","3.797","Tonnes/Hectare"
"2020-2021","Telangana","36","Ranga Reddy","518","Garlic","508.0","Spices","Kharif","2.0","Hectare","0.0","Tonnes","0.0","Tonnes/Hectare"
"2013-2014","Madhya Pradesh","23","Tikamgarh","434","Potato","701.0","Vegetable","Whole Year","1556.0","Hectare","12440.0","Tonnes","7.995","Tonnes/Hectare"
"1998-1999","Karnataka","29","Bengaluru Urban","525","Horse-Gram","206.0","Pulses","Rabi","3221.0","Hectare","1934.0","Tonnes","0.6","Tonnes/Hectare"
"2008-2009","Karnataka","29","Mandya","544","Ragi","105.0","Cereals","Rabi","2845.0","Hectare","6078.0","Tonnes","2.136","Tonnes/Hectare"
"2016-2017","Telangana","36","Kumuram Bheem Asifabad","699","Jowar","102.0","Cereals","Total","5974.0","Hectare","5499.0","Tonnes","0.92","Tonnes/Hectare"
"2000-2001","Uttar Pradesh","9","Kaushambi","158","Wheat","106.0","Cereals","Rabi","59590.0","Hectare","138944.0","Tonnes","2.332","Tonnes/Hectare"
"2019-2020","Uttar Pradesh","9","Ghazipur","146","Potato","701.0","Vegetable","Rabi","8384.0","Hectare","166523.0","Tonnes","19.862","Tonnes/Hectare"
"2022-2023","Gujarat","24","Gir Somnath","675","Sesamum","1003.0","Oilseeds","Total","8710.0","Hectare","9796.0","Tonnes","1.125","Tonnes/Hectare"
"2017-2018","Jharkhand","20","West Singhbhum","343","Maize","104.0","Cereals","Rabi","34.0","Hectare","73.0","Tonnes","2.147","Tonnes/Hectare"
"2013-2014","Bihar","10","Saran","218","Maize","104.0","Cereals","Autumn","15762.0","Hectare","43669.0","Tonnes","2.771","Tonnes/Hectare"
"2014-2015","Punjab","3","Jalandhar","34","Wheat","106.0","Cereals","Rabi","167000.0","Hectare","685000.0","Tonnes","4.102","Tonnes/Hectare"
"2007-2008","Arunachal Pradesh","12","East Kameng","231","Maize","104.0","Cereals","Whole Year","1028.0","Hectare","1210.0","Tonnes","1.177","Tonnes/Hectare"
"2003-2004","Gujarat","24","Anand","440","Arhar/Tur","202.0","Pulses","Kharif","1100.0","Hectare","900.0","Tonnes","0.818","Tonnes/Hectare"
"2002-2003","Maharashtra","27","Pune","490","Ragi","105.0","Cereals","Kharif","12000.0","Hectare","10300.0","Tonnes","0.858","Tonnes/Hectare"
"2021-2022","West Bengal","19","Jalpaiguri","314","Rice","101.0","Cereals","Summer","17480.0","Hectare","54681.0","Tonnes","3.128","Tonnes/Hectare"
"2015-2016","Assam","18","Nalbari","298","Ginger","503.0","Spices","Whole Year","382.0","Hectare","3052.0","Tonnes","7.99","Tonnes/Hectare"
"2013-2014","Madhya Pradesh","23","Dhar","403","Coriander","509.0","Spices","Whole Year","276.0","Hectare","169.0","Tonnes","0.612","Tonnes/Hectare"
"2016-2017","West Bengal","19","Alipurduar","664","Khesari","521.0","Spices","Rabi","658.0","Hectare","798.0","Tonnes","1.213","Tonnes/Hectare"
"2020-2021","Andhra Pradesh","28","Chittoor","503","Small Millets","108.0","Cereals","Kharif","354.0","Hectare","185.0","Tonnes","0.523","Tonnes/Hectare"
"2005-2006","Bihar","10","Jehanabad","199","Linseed","1005.0","Oilseeds","Rabi","201.0","Hectare","172.0","Tonnes","0.856","Tonnes/Hectare"
"2004-2005","Rajasthan","8","Bhilwara","92","Rapeseed &Mustard","1004.0","Oilseeds","Rabi","68746.0","Hectare","72895.0","Tonnes","1.06","Tonnes/Hectare"
"2009-2010","Uttar Pradesh","9","Ayodhya","140","Jowar","102.0","Cereals","Kharif","2377.0","Hectare","1989.0","Tonnes","0.837","Tonnes/Hectare"
"2003-2004","West Bengal","19","Jalpaiguri","314","Groundnut","1001.0","Oilseeds","Summer","315.0","Hectare","550.0","Tonnes","1.746","Tonnes/Hectare"
"2015-2016","Chhattisgarh","22","Gariyaband","645","Sannhamp","1104.0","Fiber Crops","Kharif","20.0","Hectare","12.0","Tonnes","0.6","Tonnes/Hectare"
"2000-2001","Haryana","6","Jhajjar","64","Sannhamp","1104.0","Fiber Crops","Whole Year","122.0","Hectare","0.0","Tonnes","0.0","Tonnes/Hectare"
"2017-2018","Arunachal Pradesh","12","Longding","666","Urad","203.0","Pulses","Kharif","15.0","Hectare","16.0","Tonnes","1.067","Tonnes/Hectare"
"1999-2000","Assam","18","Dhemaji","284","Turmeric","504.0","Spices","Whole Year","300.0","Hectare","194.0","Tonnes","0.647","Tonnes/Hectare"
"2004-2005","Uttarakhand","5","Pithoragarh","53","Other Cereals","188.0","Cereals","Total","3509.0","Hectare","3460.0","Tonnes","0.986","Tonnes/Hectare"
"2010-2011","Jammu And Kashmir","1","Kulgam","622","Potato","701.0","Vegetable","Kharif","108.0","Hectare","1774.2","Tonnes","16.428","Tonnes/Hectare"
"2010-2011","Karnataka","29","Bagalkote","524","Other Kharif Pulses","288.0","Pulses","Kharif","477.0","Hectare","153.0","Tonnes","0.321","Tonnes/Hectare"
"2003-2004","Karnataka","29","Chikkamagaluru","532","Safflower","1008.0","Oilseeds","Rabi","4.0","Hectare","2.0","Tonnes","0.5","Tonnes/Hectare"
"2009-2010","Telangana","36","Khammam","509","Bajra","103.0","Cereals","Kharif","4.0","Hectare","2.0","Tonnes","0.5","Tonnes/Hectare"
"2012-2013","Odisha","21","Sundargarh","373","Potato","701.0","Vegetable","Winter","554.0","Hectare","4917.9","Tonnes","8.877","Tonnes/Hectare"
"1999-2000","Bihar","10","Purnia","214","Garlic","508.0","Spices","Whole Year","200.0","Hectare","284.0","Tonnes","1.42","Tonnes/Hectare"
"1999-2000","Nagaland","13","Wokha","250","Sesamum","1003.0","Oilseeds","Kharif","480.0","Hectare","290.0","Tonnes","0.604","Tonnes/Hectare"
"2021-2022","Maharashtra","27","Washim","499","Maize","104.0","Cereals","Rabi","304.23","Hectare","662.157","Tonnes","2.177","Tonnes/Hectare"
"2011-2012","Odisha","21","Bargarh","347","Rice","101.0","Cereals","Autumn","53000.0","Hectare","41000.0","Tonnes","0.774","Tonnes/Hectare"
"2000-2001","Telangana","36","Nalgonda","514","Moong(Green Gram)","204.0","Pulses","Kharif","51862.0","Hectare","17996.0","Tonnes","0.347","Tonnes/Hectare"
"2018-2019","Telangana","36","Karimnagar","508","Banana","606.0","Fruits","Kharif","8.0","Hectare","493.0","Tonnes","61.625","Tonnes/Hectare"
"2020-2021","Karnataka","29","Chikkaballapura","630","Urad","203.0","Pulses","Rabi","1.0","Hectare","1.0","Tonnes","1.0","Tonnes/Hectare"
"2002-2003","Andhra Pradesh","28","Visakhapatnam","520","Onion","708.0","Vegetable","Rabi","137.0","Hectare","1725.0","Tonnes","12.591","Tonnes/Hectare"
"1999-2000","Madhya Pradesh","23","Raisen","421","Sugarcane","401.0","Sugar","Whole Year","25.0","Hectare","540.0","Tonnes","21.6","Tonnes/Hectare"
"2007-2008","Chhattisgarh","22","Uttar Bastar Kanker","381","Mesta","1103.0","Fiber Crops","Kharif","13.0","Hectare","33.0","Tonnes","2.538","Tonnes/Hectare"
"1998-1999","Madhya Pradesh","23","Shajapur","430","Maize","104.0","Cereals","Kharif","34900.0","Hectare","45200.0","Tonnes","1.295","Tonnes/Hectare"
"2010-2011","Madhya Pradesh","23","Vidisha","437","Maize","104.0","Cereals","Kharif","3992.0","Hectare","6826.0","Tonnes","1.71","Tonnes/Hectare"
"2020-2021","Gujarat","24","Kachchh","449","Onion","708.0","Vegetable","Total","107.0","Hectare","3126.0","Tonnes","29.215","Tonnes/Hectare"
"2002-2003","Rajasthan","8","Barmer","90","Garlic","508.0","Spices","Whole Year","2.0","Hectare","1.0","Tonnes","0.5","Tonnes/Hectare"
"2022-2023","Assam","18","Marigaon","296","Cotton(Lint)","1101.0","Fiber Crops","Kharif","2.0","Hectare","1.0","Tonnes","0.5","Tonnes/Hectare"
"2001-2002","Karnataka","29","Mysuru","545","Potato","701.0","Vegetable","Whole Year","50.0","Hectare","448.0","Tonnes","8.96","Tonnes/Hectare"
"2003-2004","Gujarat","24","Navsari","453","Urad","203.0","Pulses","Kharif","2100.0","Hectare","1500.0","Tonnes","0.714","Tonnes/Hectare"
"2017-2018","Karnataka","29","Chikkaballapura","630","Arhar/Tur","202.0","Pulses","Kharif","10720.0","Hectare","11172.0","Tonnes","1.042","Tonnes/Hectare"
"2021-2022","Tamil Nadu","33","Thiruvarur","590","Arhar/Tur","202.0","Pulses","Rabi","2.0","Hectare","2.0","Tonnes","1.0","Tonnes/Hectare"
"1998-1999","Odisha","21","Boudh","349","Rice","101.0","Cereals","Autumn","9591.0","Hectare","3588.0","Tonnes","0.374","Tonnes/Hectare"
"2018-2019","Telangana","36","Kumuram Bheem Asifabad","699","Urad","203.0","Pulses","Kharif","283.0","Hectare","239.0","Tonnes","0.845","Tonnes/Hectare"
"2005-2006","Odisha","21","Mayurbhanj","365","Urad","203.0","Pulses","Autumn","1885.0","Hectare","427.9","Tonnes","0.227","Tonnes/Hectare"
"2007-2008","Maharashtra","27","Akola","467","Wheat","106.0","Cereals","Rabi","48500.0","Hectare","131400.0","Tonnes","2.709","Tonnes/Hectare"
"2013-2014","Madhya Pradesh","23","Rewa","424","Turmeric","504.0","Spices","Whole Year","17.0","Hectare","11.0","Tonnes","0.647","Tonnes/Hectare"
"2000-2001","Odisha","21","Deogarh","351","Wheat","106.0","Cereals","Rabi","98.0","Hectare","98.5","Tonnes","1.005","Tonnes/Hectare"
"2012-2013","Chhattisgarh","22","Balod","646","Safflower","1008.0","Oilseeds","Rabi","111.0","Hectare","24.0","Tonnes","0.216","Tonnes/Hectare"
"2010-2011","Uttar Pradesh","9","Chandauli","135","Arhar/Tur","202.0","Pulses","Kharif","2938.0","Hectare","2271.0","Tonnes","0.773","Tonnes/Hectare"
"2004-2005","Tamil Nadu","33","Thoothukkudi","594","Ragi","105.0","Cereals","Kharif","202.0","Hectare","313.0","Tonnes","1.55","Tonnes/Hectare"
"2000-2001","Odisha","21","Jagatsinghapur","355","Rapeseed &Mustard","1004.0","Oilseeds","Rabi","34.0","Hectare","3.9","Tonnes","0.115","Tonnes/Hectare"
"2017-2018","Uttar Pradesh","9","Chitrakoot","136","Maize","104.0","Cereals","Kharif","5.0","Hectare","11.0","Tonnes","2.2","Tonnes/Hectare"
"2000-2001","Odisha","21","Balangir","345","Other Rabi Pulses","288.0","Pulses","Rabi","131.0","Hectare","55.0","Tonnes","0.42","Tonnes/Hectare"
"2020-2021","Tamil Nadu","33","Coimbatore","569","Onion","708.0","Vegetable","Rabi","484.0","Hectare","2692.0","Tonnes","5.562","Tonnes/Hectare"
"2005-2006","Odisha","21","Nabarangpur","366","Ragi","105.0","Cereals","Summer","4.0","Hectare","3.2","Tonnes","0.8","Tonnes/Hectare"
"2007-2008","Uttar Pradesh","9","Deoria","137","Moong(Green Gram)","204.0","Pulses","Summer","73.0","Hectare","46.0","Tonnes","0.63","Tonnes/Hectare"
"2009-2010","Andhra Pradesh","28","Visakhapatnam","520","Arhar/Tur","202.0","Pulses","Total","2385.0","Hectare","1298.0","Tonnes","0.544","Tonnes/Hectare"
"2013-2014","Himachal Pradesh","2","Mandi","22","Turmeric","504.0","Spices","Kharif","30.0","Hectare","12.624","Tonnes","0.421","Tonnes/Hectare"
"2006-2007","Chhattisgarh","22","Korba","383","Coriander","509.0","Spices","Whole Year","18.0","Hectare","5.0","Tonnes","0.278","Tonnes/Hectare"
"2022-2023","Uttar Pradesh","9","Mathura","167","Urad","203.0","Pulses","Kharif","182.0","Hectare","91.0","Tonnes","0.5","Tonnes/Hectare"
"2020-2021","Tamil Nadu","33","Dindigul","572","Cardamom","506.0","Spices","Whole Year","240.0","Hectare","22.0","Tonnes","0.092","Tonnes/Hectare"
"2017-2018","Gujarat","24","Banas Kantha","441","Dry Chillies","502.0","Spices","Whole Year","55.0","Hectare","69.0","Tonnes","1.255","Tonnes/Hectare"
"2009-2010","Gujarat","24","Kheda","450","Rice","101.0","Cereals","Total","92400.0","Hectare","216000.0","Tonnes","2.338","Tonnes/Hectare"
"2021-2022","Himachal Pradesh","2","Kangra","18","Onion","708.0","Vegetable","Rabi","150.0","Hectare","620.0","Tonnes","4.133","Tonnes/Hectare"
"2022-2023","Assam","18","Dima Hasao","299","Rapeseed &Mustard","1004.0","Oilseeds","Rabi","1883.0","Hectare","1721.0","Tonnes","0.914","Tonnes/Hectare"
"2021-2022","Assam","18","Kokrajhar","294","Sugarcane","401.0","Sugar","Whole Year","288.0","Hectare","11223.0","Tonnes","38.969","Tonnes/Hectare"
"2003-2004","Bihar","10","Sitamarhi","221","Moong(Green Gram)","204.0","Pulses","Kharif","223.0","Hectare","128.0","Tonnes","0.574","Tonnes/Hectare"
"2010-2011","West Bengal","19","Purulia","321","Safflower","1008.0","Oilseeds","Rabi","61.0","Hectare","40.0","Tonnes","0.656","Tonnes/Hectare"
"2006-2007","Arunachal Pradesh","12","Lohit","234","Dry Chillies","502.0","Spices","Whole Year","125.0","Hectare","199.0","Tonnes","1.592","Tonnes/Hectare"
"2005-2006","Nagaland","13","Dimapur","244","Maize","104.0","Cereals","Kharif","8010.0","Hectare","14060.0","Tonnes","1.755","Tonnes/Hectare"
"2012-2013","Assam","18","Nagaon","297","Jute","1102.0","Fiber Crops","Kharif","9670.0","Hectare","87962.0","Tonnes","9.096","Tonnes/Hectare"
"2003-2004","Andhra Pradesh","28","Prakasam","517","Pome Fruit","688.0","Fruits","Whole Year","1758.0","Hectare","3574.0","Tonnes","2.033","Tonnes/Hectare"
"2010-2011","Telangana","36","Nalgonda","514","Groundnut","1001.0","Oilseeds","Rabi","15460.0","Hectare","18181.0","Tonnes","1.176","Tonnes/Hectare"
"2007-2008","Uttar Pradesh","9","Mirzapur","170","Sesamum","1003.0","Oilseeds","Kharif","1688.0","Hectare","216.0","Tonnes","0.128","Tonnes/Hectare"
"2011-2012","Uttarakhand","5","Nainital","51","Rice","101.0","Cereals","Total","13054.0","Hectare","36924.0","Tonnes","2.829","Tonnes/Hectare"
"2008-2009","Himachal Pradesh","2","Kullu","20","Rice","101.0","Cereals","Kharif","1439.0","Hectare","1972.0","Tonnes","1.37","Tonnes/Hectare"
"2012-2013","Uttar Pradesh","9","Hathras","163","Tobacco","1302.0","Drugs And Narcotics","Rabi","2.0","Hectare","12.0","Tonnes","6.0","Tonnes/Hectare"
"2016-2017","West Bengal","19","South 24 Parganas","304","Sunflower","1007.0","Oilseeds","Kharif","4881.0","Hectare","6013.0","Tonnes","1.232","Tonnes/Hectare"
"2011-2012","Uttar Pradesh","9","Hardoi","150","Bajra","103.0","Cereals","Kharif","3546.0","Hectare","3462.0","Tonnes","0.976","Tonnes/Hectare"
"2022-2023","Tamil Nadu","33","Pudukkottai","582","Maize","104.0","Cereals","Kharif","1286.0","Hectare","10029.0","Tonnes","7.799","Tonnes/Hectare"
"2008-2009","Madhya Pradesh","23","Shahdol","429","Soyabean","1009.0","Oilseeds","Kharif","1980.0","Hectare","1212.0","Tonnes","0.612","Tonnes/Hectare"
"2011-2012","Uttar Pradesh","9","Baghpat","124","Onion","708.0","Vegetable","Total","120.0","Hectare","1890.0","Tonnes","15.75","Tonnes/Hectare"
"2017-2018","Bihar","10","Munger","207","Potato","701.0","Vegetable","Rabi","328.0","Hectare","4122.0","Tonnes","12.567","Tonnes/Hectare"
"2019-2020","Tamil Nadu","33","Thoothukkudi","594","Sugarcane","401.0","Sugar","Whole Year","26.0","Hectare","2811.0","Tonnes","108.115","Tonnes/Hectare"
"2013-2014","Haryana","6","Jhajjar","64","Rapeseed &Mustard","1004.0","Oilseeds","Rabi","31000.0","Hectare","48000.0","Tonnes","1.548","Tonnes/Hectare"
"2007-2008","Madhya Pradesh","23","Shajapur","430","Sweet Potato","703.0","Vegetable","Whole Year","91.0","Hectare","677.0","Tonnes","7.44","Tonnes/Hectare"
"2014-2015","Meghalaya","17","South West Khasi Hills","658","Black Pepper","501.0","Spices","Whole Year","85.0","Hectare","74.0","Tonnes","0.871","Tonnes/Hectare"
"2014-2015","Rajasthan","8","Bharatpur","91","Sugarcane","401.0","Sugar","Whole Year","34.0","Hectare","1386.0","Tonnes","40.765","Tonnes/Hectare"
"2020-2021","Karnataka","29","Hassan","539","Maize","104.0","Cereals","Summer","337.0","Hectare","1035.0","Tonnes","3.071","Tonnes/Hectare"
"2015-2016","Jharkhand","20","Koderma","334","Ragi","105.0","Cereals","Autumn","395.0","Hectare","428.0","Tonnes","1.084","Tonnes/Hectare"
"2012-2013","Bihar","10","Supaul","223","Moong(Green Gram)","204.0","Pulses","Summer","21081.0","Hectare","14567.0","Tonnes","0.691","Tonnes/Hectare"
"2001-2002","Bihar","10","Madhepura","205","Sweet Potato","703.0","Vegetable","Whole Year","254.0","Hectare","1877.0","Tonnes","7.39","Tonnes/Hectare"
"2022-2023","Gujarat","24","Chhotaudepur","668","Urad","203.0","Pulses","Kharif","6439.0","Hectare","3864.0","Tonnes","0.6","Tonnes/Hectare"
"2000-2001","Odisha","21","Mayurbhanj","365","Niger Seed","1010.0","Oilseeds","Total","11870.0","Hectare","2750.0","Tonnes","0.232","Tonnes/Hectare"
"2009-2010","Madhya Pradesh","23","Chhindwara","399","Sweet Potato","703.0","Vegetable","Whole Year","209.0","Hectare","1369.0","Tonnes","6.55","Tonnes/Hectare"
"2010-2011","Tamil Nadu","33","Dharmapuri","571","Gram","201.0","Pulses","Rabi","425.0","Hectare","199.0","Tonnes","0.468","Tonnes/Hectare"
"2022-2023","Uttar Pradesh","9","Banda","128","Garlic","508.0","Spices","Rabi","4.0","Hectare","24.0","Tonnes","6.0","Tonnes/Hectare"
"2010-2011","Haryana","6","Palwal","619","Bajra","103.0","Cereals","Kharif","8358.0","Hectare","15000.0","Tonnes","1.795","Tonnes/Hectare"
"1998-1999","Punjab","3","Faridkot","29","Sugarcane","401.0","Sugar","Whole Year","2000.0","Hectare","120000.0","Tonnes","60.0","Tonnes/Hectare"
"2009-2010","Madhya Pradesh","23","Dhar","403","Jowar","102.0","Cereals","Total","14720.0","Hectare","18343.0","Tonnes","1.246","Tonnes/Hectare"
"2002-2003","Uttar Pradesh","9","Sitapur","183","Moong(Green Gram)","204.0","Pulses","Total","28.0","Hectare","14.0","Tonnes","0.5","Tonnes/Hectare"
"2017-2018","Arunachal Pradesh","12","Longding","666","Soyabean","1009.0","Oilseeds","Kharif","78.0","Hectare","119.0","Tonnes","1.526","Tonnes/Hectare"
"2007-2008","Karnataka","29","Bagalkote","524","Maize","104.0","Cereals","Total","67185.0","Hectare","269881.0","Tonnes","4.017","Tonnes/Hectare"
"2011-2012","Uttar Pradesh","9","Ayodhya","140","Sesamum","1003.0","Oilseeds","Kharif","33.0","Hectare","7.0","Tonnes","0.212","Tonnes/Hectare"
"2012-2013","Uttar Pradesh","9","Jhansi","153","Sesamum","1003.0","Oilseeds","Kharif","106791.0","Hectare","23067.0","Tonnes","0.216","Tonnes/Hectare"
"2022-2023","Gujarat","24","Ahmedabad","438","Other Kharif Pulses","288.0","Pulses","Kharif","37.0","Hectare","24.0","Tonnes","0.649","Tonnes/Hectare"
"2019-2020","Tamil Nadu","33","Perambalur","581","Rice","101.0","Cereals","Total","6162.0","Hectare","26988.0","Tonnes","4.38","Tonnes/Hectare"
"2007-2008","Madhya Pradesh","23","Rajgarh","422","Potato","701.0","Vegetable","Whole Year","770.0","Hectare","12423.0","Tonnes","16.134","Tonnes/Hectare"
"2005-2006","Tamil Nadu","33","Vellore","595","Rapeseed &Mustard","1004.0","Oilseeds","Rabi","8.0","Hectare","2.0","Tonnes","0.25","Tonnes/Hectare"
"2008-2009","Madhya Pradesh","23","Singrauli","638","Wheat","106.0","Cereals","Rabi","32236.0","Hectare","28862.0","Tonnes","0.895","Tonnes/Hectare"
"1998-1999","Uttar Pradesh","9","Auraiya","122","Gram","201.0","Pulses","Rabi","7029.0","Hectare","8854.0","Tonnes","1.26","Tonnes/Hectare"
"2002-2003","Andhra Pradesh","28","Kurnool","511","Small Millets","108.0","Cereals","Kharif","14091.0","Hectare","8778.0","Tonnes","0.623","Tonnes/Hectare"
"2019-2020","Arunachal Pradesh","12","East Siang","232","Groundnut","1001.0","Oilseeds","Kharif","55.0","Hectare","55.0","Tonnes","1.0","Tonnes/Hectare"
"2021-2022","Gujarat","24","Mahisagar","669","Groundnut","1001.0","Oilseeds","Summer","1815.0","Hectare","3470.0","Tonnes","1.912","Tonnes/Hectare"
"2005-2006","Andhra Pradesh","28","East Godavari","505","Mesta","1103.0","Fiber Crops","Kharif","6.0","Hectare","55.0","Tonnes","9.167","Tonnes/Hectare"
"1998-1999","Uttar Pradesh","9","Kheri","159","Urad","203.0","Pulses","Summer","263.0","Hectare","78.0","Tonnes","0.297","Tonnes/Hectare"
"2019-2020","Madhya Pradesh","23","Ujjain","435","Groundnut","1001.0","Oilseeds","Kharif","117.0","Hectare","156.0","Tonnes","1.333","Tonnes/Hectare"
"2018-2019","Odisha","21","Rayagada","370","Urad","203.0","Pulses","Summer","6.0","Hectare","1.9","Tonnes","0.317","Tonnes/Hectare"
"2014-2015","Nagaland","13","Longleng","615","Moong(Green Gram)","204.0","Pulses","Rabi","1210.0","Hectare","1180.0","Tonnes","0.975","Tonnes/Hectare"
"2016-2017","Uttar Pradesh","9","Shahjahanpur","180","Barley","107.0","Cereals","Rabi","215.0","Hectare","541.0","Tonnes","2.516","Tonnes/Hectare"
"2013-2014","Chhattisgarh","22","Bijapur","636","Horse-Gram","206.0","Pulses","Rabi","137.0","Hectare","41.0","Tonnes","0.299","Tonnes/Hectare"
"2011-2012","Bihar","10","Nawada","210","Gram","201.0","Pulses","Rabi","1921.0","Hectare","2803.0","Tonnes","1.459","Tonnes/Hectare"
"1999-2000","Karnataka","29","Haveri","540","Rice","101.0","Cereals","Summer","1931.0","Hectare","4822.0","Tonnes","2.497","Tonnes/Hectare"
"2016-2017","Rajasthan","8","Udaipur","117","Jowar","102.0","Cereals","Kharif","7204.0","Hectare","3307.0","Tonnes","0.459","Tonnes/Hectare"
"2017-2018","Assam","18","Hailakandi","289","Black Pepper","501.0","Spices","Whole Year","9.0","Hectare","22.0","Tonnes","2.444","Tonnes/Hectare"
"2004-2005","Karnataka","29","Mandya","544","Other Kharif Pulses","288.0","Pulses","Kharif","10151.0","Hectare","4182.0","Tonnes","0.412","Tonnes/Hectare"
"2015-2016","Uttar Pradesh","9","Shahjahanpur","180","Dry Chillies","502.0","Spices","Kharif","63.0","Hectare","48.0","Tonnes","0.762","Tonnes/Hectare"
"2002-2003","Haryana","6","Jhajjar","64","Other Vegetables","788.0","Vegetable","Whole Year","764.0","Hectare","2000.0","Tonnes","2.618","Tonnes/Hectare"
"2016-2017","Gujarat","24","Bharuch","442","Castor Seed","1002.0","Oilseeds","Kharif","3565.0","Hectare","5882.0","Tonnes","1.65","Tonnes/Hectare"
"1997-1998","Assam","18","Tinsukia","302","Dry Chillies","502.0","Spices","Whole Year","148.0","Hectare","90.0","Tonnes","0.608","Tonnes/Hectare"
"2013-2014","Meghalaya","17","West Khasi Hills","279","Banana","606.0","Fruits","Kharif","518.0","Hectare","2998.0","Tonnes","5.788","Tonnes/Hectare"
"2002-2003","Uttarakhand","5","Uttarkashi","57","Soyabean","1009.0","Oilseeds","Kharif","190.0","Hectare","91.0","Tonnes","0.479","Tonnes/Hectare"
"2001-2002","Uttar Pradesh","9","Azamgarh","123","Sugarcane","401.0","Sugar","Whole Year","22612.0","Hectare","960920.0","Tonnes","42.496","Tonnes/Hectare"
"2004-2005","Andhra Pradesh","28","Visakhapatnam","520","Moong(Green Gram)","204.0","Pulses","Rabi","2183.0","Hectare","712.0","Tonnes","0.326","Tonnes/Hectare"
"2000-2001","Uttar Pradesh","9","Sultanpur","185","Peas & Beans (Pulses)","213.0","Pulses","Rabi","10101.0","Hectare","10209.0","Tonnes","1.011","Tonnes/Hectare"
"2005-2006","Maharashtra","27","Ahilyanagar","466","Other Kharif Pulses","288.0","Pulses","Kharif","12300.0","Hectare","3300.0","Tonnes","0.268","Tonnes/Hectare"
"2020-2021","Uttar Pradesh","9","Saharanpur","177","Potato","701.0","Vegetable","Rabi","673.0","Hectare","12246.0","Tonnes","18.196","Tonnes/Hectare"
"2020-2021","Maharashtra","27","Jalgaon","478","Jowar","102.0","Cereals","Rabi","47850.42","Hectare","75726.83","Tonnes","1.583","Tonnes/Hectare"
"2016-2017","Jharkhand","20","Hazaribagh","332","Rice","101.0","Cereals","Autumn","476.0","Hectare","199.33","Tonnes","0.419","Tonnes/Hectare"
"2014-2015","Madhya Pradesh","23","Rajgarh","422","Soyabean","1009.0","Oilseeds","Kharif","315000.0","Hectare","426000.0","Tonnes","1.352","Tonnes/Hectare"
"2003-2004","Rajasthan","8","Baran","89","Sugarcane","401.0","Sugar","Whole Year","16.0","Hectare","906.0","Tonnes","56.625","Tonnes/Hectare"
"2001-2002","Chhattisgarh","22","Dakshin Bastar Dantewada","376","Dry Chillies","502.0","Spices","Whole Year","335.0","Hectare","149.0","Tonnes","0.445","Tonnes/Hectare"
"2015-2016","Jharkhand","20","Lohardaga","336","Potato","701.0","Vegetable","Winter","1346.0","Hectare","6935.0","Tonnes","5.152","Tonnes/Hectare"
"2018-2019","Tamil Nadu","33","Kancheepuram","574","Coconut","1006.0","Oilseeds","Whole Year","2392.0","Hectare","13000000.0","Tonnes","5434.783","Tonnes/Hectare"
"2011-2012","Jharkhand","20","Pakur","337","Arhar/Tur","202.0","Pulses","Rabi","310.0","Hectare","437.0","Tonnes","1.41","Tonnes/Hectare"
"2017-2018","Tamil Nadu","33","Virudhunagar","597","Small Millets","108.0","Cereals","Total","54.0","Hectare","92.0","Tonnes","1.704","Tonnes/Hectare"
"2010-2011","Gujarat","24","Patan","455","Wheat","106.0","Cereals","Rabi","47800.0","Hectare","154800.0","Tonnes","3.238","Tonnes/Hectare"
"2003-2004","Tamil Nadu","33","Tiruvannamalai","593","Bajra","103.0","Cereals","Kharif","18063.0","Hectare","12246.0","Tonnes","0.678","Tonnes/Hectare"
"2021-2022","Tamil Nadu","33","Vellore","595","Dry Chillies","502.0","Spices","Whole Year","602.0","Hectare","299.0","Tonnes","0.497","Tonnes/Hectare"
"2011-2012","Rajasthan","8","Tonk","116","Moong(Green Gram)","204.0","Pulses","Kharif","78011.0","Hectare","29944.0","Tonnes","0.384","Tonnes/Hectare"
"2016-2017","Tamil Nadu","33","Tirunelveli","592","Groundnut","1001.0","Oilseeds","Kharif","738.0","Hectare","1157.0","Tonnes","1.568","Tonnes/Hectare"
"2017-2018","Haryana","6","Panchkula","70","Sugarcane","401.0","Sugar","Whole Year","500.0","Hectare","42200.0","Tonnes","84.4","Tonnes/Hectare"
"2014-2015","Chhattisgarh","22","Balrampur-Ramanujganj","649","Turmeric","504.0","Spices","Whole Year","134.0","Hectare","105.0","Tonnes","0.784","Tonnes/Hectare"
"2002-2003","Himachal Pradesh","2","Kullu","20","Garlic","508.0","Spices","Whole Year","1333.0","Hectare","702.0","Tonnes","0.527","Tonnes/Hectare"
"2020-2021","Bihar","10","Sheikhpura","219","Peas & Beans (Pulses)","213.0","Pulses","Rabi","148.0","Hectare","166.0","Tonnes","1.122","Tonnes/Hectare"
"2011-2012","Arunachal Pradesh","12","Upper Siang","240","Dry Chillies","502.0","Spices","Whole Year","259.0","Hectare","163.0","Tonnes","0.629","Tonnes/Hectare"
"2001-2002","Odisha","21","Keonjhar","361","Small Millets","108.0","Cereals","Kharif","410.0","Hectare","120.0","Tonnes","0.293","Tonnes/Hectare"
"2016-2017","Uttar Pradesh","9","Mainpuri","166","Arhar/Tur","202.0","Pulses","Kharif","1114.0","Hectare","1003.0","Tonnes","0.9","Tonnes/Hectare"
"2008-2009","Gujarat","24","Bharuch","442","Sesamum","1003.0","Oilseeds","Kharif","3300.0","Hectare","400.0","Tonnes","0.121","Tonnes/Hectare"
"2013-2014","Uttar Pradesh","9","Fatehpur","142","Moong(Green Gram)","204.0","Pulses","Summer","4745.0","Hectare","2652.0","Tonnes","0.559","Tonnes/Hectare"
"1999-2000","Kerala","32","Idukki","556","Sesamum","1003.0","Oilseeds","Kharif","9.0","Hectare","2.0","Tonnes","0.222","Tonnes/Hectare"
"2021-2022","Andhra Pradesh","28","Y.S.R. Kadapa","504","Sugarcane","401.0","Sugar","Kharif","125.0","Hectare","8650.0","Tonnes","69.2","Tonnes/Hectare"
"2001-2002","Bihar","10","Nawada","210","Sesamum","1003.0","Oilseeds","Kharif","98.0","Hectare","58.0","Tonnes","0.592","Tonnes/Hectare"
"2004-2005","Andhra Pradesh","28","Sri Potti Sriramulu Nellore","515","Safflower","1008.0","Oilseeds","Rabi","64.0","Hectare","14.0","Tonnes","0.219","Tonnes/Hectare"
"2008-2009","Madhya Pradesh","23","Singrauli","638","Small Millets","108.0","Cereals","Whole Year","32890.0","Hectare","11950.0","Tonnes","0.363","Tonnes/Hectare"
"2013-2014","Chhattisgarh","22","Kabeerdham","382","Jowar","102.0","Cereals","Whole Year","221.0","Hectare","144.0","Tonnes","0.652","Tonnes/Hectare"
"2007-2008","Odisha","21","Jagatsinghapur","355","Potato","701.0","Vegetable","Winter","337.0","Hectare","4901.3","Tonnes","14.544","Tonnes/Hectare"
"2007-2008","Uttar Pradesh","9","Kheri","159","Wheat","106.0","Cereals","Rabi","200467.0","Hectare","639089.0","Tonnes","3.188","Tonnes/Hectare"
"2001-2002","Assam","18","Nalbari","298","Sugarcane","401.0","Sugar","Whole Year","200.0","Hectare","7446.0","Tonnes","37.23","Tonnes/Hectare"
"2010-2011","Karnataka","29","Chitradurga","533","Sunflower","1007.0","Oilseeds","Summer","967.0","Hectare","1098.0","Tonnes","1.135","Tonnes/Hectare"
"2016-2017","Uttar Pradesh","9","Pratapgarh","174","Moong(Green Gram)","204.0","Pulses","Summer","1262.0","Hectare","793.0","Tonnes","0.628","Tonnes/Hectare"
"2021-2022","Gujarat","24","Bhavnagar","443","Moong(Green Gram)","204.0","Pulses","Kharif","2117.0","Hectare","939.0","Tonnes","0.444","Tonnes/Hectare"
"1998-1999","Uttarakhand","5","Haridwar","50","Sesamum","1003.0","Oilseeds","Kharif","608.0","Hectare","109.0","Tonnes","0.179","Tonnes/Hectare"
"2012-2013","Telangana","36","Ranga Reddy","518","Arhar/Tur","202.0","Pulses","Kharif","39000.0","Hectare","16000.0","Tonnes","0.41","Tonnes/Hectare"
"2018-2019","Uttar Pradesh","9","Kannauj","155","Rice","101.0","Cereals","Kharif","20256.0","Hectare","54063.0","Tonnes","2.669","Tonnes/Hectare"
"2005-2006","Karnataka","29","Gadag","537","Sannhamp","1104.0","Fiber Crops","Whole Year","21.0","Hectare","5.0","Tonnes","0.238","Tonnes/Hectare"
"2014-2015","Odisha","21","Kandhamal","359","Maize","104.0","Cereals","Summer","3.0","Hectare","4.0","Tonnes","1.333","Tonnes/Hectare"
"2008-2009","Odisha","21","Cuttack","350","Maize","104.0","Cereals","Winter","9.0","Hectare","18.3","Tonnes","2.033","Tonnes/Hectare"
"2017-2018","Mizoram","15","Siaha","267","Potato","701.0","Vegetable","Rabi","6.0","Hectare","5.5","Tonnes","0.917","Tonnes/Hectare"
"2008-2009","Rajasthan","8","Bundi","94","Wheat","106.0","Cereals","Rabi","117809.0","Hectare","429814.0","Tonnes","3.648","Tonnes/Hectare"
"2021-2022","Telangana","36","Narayanpet","721","Maize","104.0","Cereals","Rabi","108.0","Hectare","798.0","Tonnes","7.389","Tonnes/Hectare"
"2004-2005","Haryana","6","Faridabad","60","Urad","203.0","Pulses","Kharif","92.0","Hectare","","Tonnes","0.0","Tonnes/Hectare"
"1999-2000","Tamil Nadu","33","Thoothukkudi","594","Korra","188.0","Cereals","Kharif","17.0","Hectare","14.0","Tonnes","0.824","Tonnes/Hectare"
"2007-2008","Madhya Pradesh","23","Balaghat","392","Urad","203.0","Pulses","Rabi","4638.0","Hectare","1677.0","Tonnes","0.362","Tonnes/Hectare"
"2021-2022","Tamil Nadu","33","Ariyalur","610","Jowar","102.0","Cereals","Kharif","25.0","Hectare","27.0","Tonnes","1.08","Tonnes/Hectare"
"2014-2015","Rajasthan","8","Jodhpur","107","Groundnut","1001.0","Oilseeds","Kharif","108822.0","Hectare","217635.0","Tonnes","2.0","Tonnes/Hectare"
"2017-2018","Uttarakhand","5","Dehradun","49","Arhar/Tur","202.0","Pulses","Kharif","306.0","Hectare","270.0","Tonnes","0.882","Tonnes/Hectare"
"2009-2010","Andhra Pradesh","28","Y.S.R. Kadapa","504","Small Millets","108.0","Cereals","Rabi","27.0","Hectare","15.0","Tonnes","0.556","Tonnes/Hectare"
"2013-2014","Odisha","21","Kendrapara","360","Groundnut","1001.0","Oilseeds","Summer","1985.0","Hectare","3297.1","Tonnes","1.661","Tonnes/Hectare"
"2000-2001","Uttar Pradesh","9","Moradabad","171","Maize","104.0","Cereals","Rabi","391.0","Hectare","634.0","Tonnes","1.621","Tonnes/Hectare"
"2001-2002","Maharashtra","27","Jalgaon","478","Groundnut","1001.0","Oilseeds","Summer","1900.0","Hectare","2200.0","Tonnes","1.158","Tonnes/Hectare"
"2017-2018","Maharashtra","27","Solapur","496","Sesamum","1003.0","Oilseeds","Total","413.0","Hectare","145.0","Tonnes","0.351","Tonnes/Hectare"
"2020-2021","West Bengal","19","Dakshin Dinajpur","310","Rice","101.0","Cereals","Summer","31334.0","Hectare","101942.0","Tonnes","3.253","Tonnes/Hectare"
"2000-2001","Tamil Nadu","33","Karur","576","Sesamum","1003.0","Oilseeds","Kharif","7218.0","Hectare","3348.0","Tonnes","0.464","Tonnes/Hectare"
"2022-2023","Andhra Pradesh","28","Anakapalli","744","Horse-Gram","206.0","Pulses","Rabi","60.0","Hectare","35.0","Tonnes","0.583","Tonnes/Hectare"
"1998-1999","Karnataka","29","Koppal","543","Coriander","509.0","Spices","Whole Year","413.0","Hectare","72.0","Tonnes","0.174","Tonnes/Hectare"
"2020-2021","Tamil Nadu","33","Tirunelveli","592","Cotton(Lint)","1101.0","Fiber Crops","Total","856.0","Hectare","1774.0","Tonnes","2.072","Tonnes/Hectare"
"2007-2008","Uttar Pradesh","9","Mirzapur","170","Arhar/Tur","202.0","Pulses","Kharif","12732.0","Hectare","8964.0","Tonnes","0.704","Tonnes/Hectare"
"2007-2008","Bihar","10","Saharsa","216","Potato","701.0","Vegetable","Whole Year","1275.0","Hectare","17391.0","Tonnes","13.64","Tonnes/Hectare"
"2019-2020","Gujarat","24","Tapi","641","Soyabean","1009.0","Oilseeds","Kharif","6935.0","Hectare","10730.0","Tonnes","1.547","Tonnes/Hectare"
"2021-2022","Karnataka","29","Belagavi","527","Potato","701.0","Vegetable","Rabi","236.0","Hectare","580.0","Tonnes","2.458","Tonnes/Hectare"
"2018-2019","Tamil Nadu","33","Cuddalore","570","Maize","104.0","Cereals","Kharif","21407.0","Hectare","115698.0","Tonnes","5.405","Tonnes/Hectare"
"2000-2001","Telangana","36","Khammam","509","Turmeric","504.0","Spices","Whole Year","771.0","Hectare","3877.0","Tonnes","5.029","Tonnes/Hectare"
"2015-2016","Maharashtra","27","Thane","497","Sesamum","1003.0","Oilseeds","Kharif","20.0","Hectare","5.0","Tonnes","0.25","Tonnes/Hectare"
"2003-2004","Punjab","3","Ludhiana","36","Sugarcane","401.0","Sugar","Whole Year","5000.0","Hectare","270000.0","Tonnes","54.0","Tonnes/Hectare"
"2018-2019","Himachal Pradesh","2","Bilaspur","15","Sugarcane","401.0","Sugar","Whole Year","3.0","Hectare","27.0","Tonnes","9.0","Tonnes/Hectare"
"2001-2002","Uttar Pradesh","9","Sultanpur","185","Rice","101.0","Cereals","Total","160538.0","Hectare","358477.0","Tonnes","2.233","Tonnes/Hectare"
"2015-2016","Chhattisgarh","22","Dhamtari","377","Potato","701.0","Vegetable","Rabi","131.0","Hectare","1183.0","Tonnes","9.031","Tonnes/Hectare"
"2020-2021","West Bengal","19","Howrah","313","Maize","104.0","Cereals","Rabi","67.0","Hectare","107.0","Tonnes","1.597","Tonnes/Hectare"
"2012-2013","Rajasthan","8","Bikaner","93","Moong(Green Gram)","204.0","Pulses","Kharif","3118.0","Hectare","3492.0","Tonnes","1.12","Tonnes/Hectare"